shop_online_taakpoosh ,"
09364017326 "
مزون مستر مردانه ,"
09127879299 "
پرادا ,"
02188920740 -                                                                         09128191392 -                                                                         02133992116 "
ENZOMOD ,"
05135214284 "
snow ,"
04444330244 "
elitemezon ,"
09372009179 "
چوب لباسی ,"
09186939579 "
مزون ايران زمين ,"
02188080553 -                                                                         09122027023 -                                                                         09126600060 -                                                                         02188080553 "
متین ,"
02133366406 "
buticoo sport ,"
02188681190 "
پروشات شاپینگ ,"
09123146790 "
فروشگاه سر تيراژه  ,"
02144494142 "
Goltan Boutique - بوتیک گل تن ,"
02166502585 -                                                                         09124576329 "
دیبادین پاریس  ,"
02188870565 "
تولید و پخش پوشاک مارال (فروشگاه اینترنتی مارال) ,"
02155623689 "
باران ,"
09198220194 "
Golden  ,"
09102292392 "
والر  ,"
02122558800 -                                                                         09123449332 -                                                                         02122418135  -                                                                         07136481250   "
فیگارو ,"
06633336247 -                                                                         09163700815 "
پرشه ,"
09374224094 "
BEST1 ,"
09191105881 "
goldkidss ,"
09122497701 -                                                                         02177615085 "
دریم بوتیک ,"
09012066754 "
گالری هارمونی ,"
09330318540 "
ماهرو ,"
09333799089 -                                                                         02532902308 "
تایماز بوتیک ,"
03136292180 "
مزون مانتو سوئیت دولچه ,"
09121763924 "
vision ,"
09147361070 "
پرش استور ,"
02188376043 "
پوشاک انتالیا ,"
09384158477 "
پر _مزون  ,"
09367600765 "
مزون ایت ,"
02122742710 "
شهربانو  ,"
07136665754 -                                                                         09392621177 "
bavariaboutique ,"
07734395081 "
پوشاک فروش ,"
09127128596 "
پازو ,"
09128391836 "
 تک اسپورت ,"
09197441169 -                                                                         03443300383 "
Hacoupian ,"
02188827882 "
پوشاك مردانه سايز بزرگ گرگان ,"
01732338138 "
خاص خرید ,"
09393832585 "
زریر ,"
09122546199 -                                                                         09123208991 "
نیروانا مزون ,"
09124253464 "
سیب سرخ ,"
06132211339 -                                                                         09166207609 "
مزون گلدن رز ,"
06633325550 "
dandy ,"
02122732518 -                                                                         09124195520 "
Cezar ,"
03532220024 "
set_men پوشاک مردانه ,"
09128961626 "
ترکیه شاپ  ,"
05138929992 -                                                                         09359728855 -                                                                         09215205242 "
کمل ,"
09128093545 -                                                                         09131084387 "
زیپ تیپ ,"
0712242935 -                                                                         09174809380 "
بی سان ,"
09151053998 "
onlineshoppgirls ,"
09108656573 "
لباس سنتی و سوزندوزی دوچ  ,"
09106670065 "
پاپيون كراوات شال ترمه ,"
02122650710 "
zinoshop ,"
02155981304 -                                                                         09362058865 "
سران ,"
 -                                                                          -                                                                          -                                                                          -                                                                          -                                                                          -                                                                         09013297448 "
Ritzyboys ,"
09198057716 -                                                                         02136614456 "
پندار مزون ,"
09213895985 "
پاریس کالکشن ,"
09194575001 "
مزون زد-پی ,"
09389646003 "
شركت تن پوشِ خاور ميانه ,"
09123035976 "
a-one ,"
02122896691 -                                                                         09302722027 "
فروشگاه اینترنتی بانی مد ,"
09356580209 "
جونیور ,"
09132732471 "
پروچیستا ,"
02122174476 "
تولیکا ,"
02144520031 "
لیوزا مزون ,"
09360270610 "
نایس استار ,"
02155801277 "
پوشاک متین ,"
09166719746 "
شاپرک  ,"
09123978125 "
مانتو هیس ,"
02122224954 "
ماتیلدا ,"
02133366500 "
r.maison ,"
09212066271 "
مزون دزیره ,"
02144969720 "
کیف و کفش ترکیه ,"
04133273575 -                                                                         09214652106 "
ساتیا گالری ,"
09198898643 "
milana ,"
03132209624 -                                                                         09134749294 "
Hamed ,"
09191034768 "
مزون دنیز ,"
09123665077 "
مزون چوب لباسی ,"
09302493971 "
مزون الگانس ,"
09362020181 "
1V1Y ,"
02144289013 "
 مانی ,"
02126212723 "
پوشاک تن ناز ,"
09016045119 "
آیلین ,"
09126306924 "
هرمس ,"
09365242827 "
مزون دائم شال و روسری رنگل ,"
09359190970 -                                                                         09101727179 "
emperatur ,"
05133659134##09309271038 "
Ciena1978 ,"
09125959445 "
پوشاک ایران فلانل ,"
09104948115 "
پیوگان ,"
021 -                                                                         22678586 -                                                                         7 "
دوکمه دیزاین ,"
09195857995 "
تیتیش ,"
09357614894 "
Zk belt ,"
09122776971 "
ملکه ,"
02133800936 "
مد روز ,"
02166465124 "
برند ,"
09368222398 "
هان لیدی مزون ,"
09371771002 "
فروشگاه پستچی 24 ,"
02632548359 "
پوشاک زنانه ترک پارمیدا ,"
09381083306 "
mahdavi ,"
09196723234 "
ایلیا ,"
09175288958 "
حسینی  ,"
09118267426 "
خیال ,"
02632548991 -                                                                         09123701400 "
آن دو ,"
07152252129 "
مارک و مد ,"
09354221031 "
پوشاک ارنیکا ,"
02166405484 -                                                                         02166487387  "
Pull & Bear ,"
09352619609 "
سایز بزرگ چِلسی ,"
09112685490 "
H&M ,"
02532900406 "
نایس ,"
09358283497 "
پارامونت ,"
08733289870 "
Boutique M2 ,"
02144657736 "
باغچه ,"
09336265770 "
فروشگاه ایران ,"
09380569192 "
رگالو ,"
09198230300 "
فروشگاه شهرداری الهیه ,"
09150599514 "
خاص‌ترین‌ها  ,"
09167797456  "
سورن جين  ,"
02122884526 "
Goldenshop ,"
09383100601 "
mantomodel ,"
09357765346 "
ایدا ,"
09333071706 "
ماهاتما مزون ,"
09190233639 "
مزون دیسپانیا ,"
09123354581 -                                                                         09196483625 -                                                                         09123143151 "
istanbul ,"
09355613690 "
ای بوتیک ,"
09019939651 "
Tida fashion ,"
09357642742 "
Negar Shop ,"
09354890104 "
ویولامد ,"
09304944488 "
rees collection ,"
02122172636 "
Persis mode ,"
09390981399 "
Shaparak ,"
02146084790 "
Dayan Bakh ,"
02155055571 -                                                                         09124576329 "
faron ,"
09128391836 -                                                                         09227086955 "
گل بانو ,"
02144257520 -                                                                         02166177001 "
یوروشاپ ۹۸ ,"
021444494933 -                                                                         02122745079 "
چاپ دیجیتال تیشرت S&M Clothing ,"
09122546418 "
شال و روسری اوا ,"
02122712056 -                                                                         09126470335 "
Narsis ,"
02122466537 "
تڪ شاپ مزون ,"
09905963119 "
پوشاک شهر ,"
09155050849 -                                                                         05138768248 "
98MOD ,"
09193252305 "
شال روسری کاپری ,"
09031117332 "
پخش پوشاک زنانه ,"
09214335904 "
bavaria_gallery ,"
07734231126 "
مانتو ونیسا  ,"
09123768926 -                                                                         02122248658 "
rezoo__store ,"
02126213009 -                                                                         09195555836 "
پوشاک ایران ,"
02133134211 "
suspect ,"
09354550897 "
bebemezon ,"
09355366133 "
جین مد ,"
02133613566 -                                                                         09376003694 "
master__wood ,"
09199544442 "
tonymontana ,"
09105834814 "
yaran ,"
09116443846 "
تولیدوپخش اناهیتا ,"
02155859901 -                                                                         09353525572 "
shikpoushan ,"
09364550015 "
BIGFISH ,"
09125003295 -                                                                         02177958327 "
مگنولیا ,"
02188385367 -                                                                         09359778401 "
تولید وپخش پوشاک متین ,"
09191285098 -                                                                         08632228677 "
keymode ,"
02188789503 "
مانتو پگاه ,"
09190249560 -                                                                         09199298671 -                                                                         09123433884 "
رادكالا ,"
0283332185 -                                                                         09191880446 "
گپ ,"
09038663166 "
وندا ,"
09212708500 "
بوتیک فرزاد ,"
09394985913 "
پوشاک آریایی ,"
02177043804 "
فروشگاه فرندز ,"
05133414876 "
faanoos ,"
09396006260 "
مایسا  ,"
09383575126 "
Nightvenous ,"
021886582941 -                                                                         09372742812 "
mahtamezon ,"
02188591316 -                                                                         09303194699 "
monel scarf ,"
09392092580 "
نووک ,"
09126024448 "
Alania_mezone ,"
09351787725 "
فروشگاه اینترنتی مای رگال ,"
02125917990 "
مانتو برشکا ,"
02136049872 "
پخش Rozeko ,"
09195592554 -                                                                         09339800242 "
سلیو ومن ,"
09353325044 -                                                                         09392143166  "
درسا ,"
09213739277 "
گراد ,"
02189364 "
Msp ,"
02634488699 "
festivaall ,"
09192101696 -                                                                         02133981933 "
سران ,"
09213195121 "
مزون نقره ,"
09127706320 "
گالری پوشاک زنانه دوگل ,"
09362758727 "
گاندی ,"
09375890128 "
Penti ,"
09381593481 -                                                                         08646232531 "
Yooshij ,"
02188346896 -                                                                         02188346897 "
آرش ,"
09186120071 "
jooker ,"
02177762346 "
مزون موژان ,"
09125078145 "
اکسسوری پوشاک ملودی ,"
09128677088 "
Kaktus ,"
09121059516 "
ونیز ,"
07635270960 "
farhang ,"
07737632833 -                                                                         09171730887 "
ایپک ,"
04134760680 -                                                                         09214145390 "
یورو ساپورت بوشهر ,"
09170829417 "
مزون نفیس ,"
09194881557 "
کاتلیا ,"
01142215269 "
zhanetmezon ,"
09100493721 "
ترکیش دیاموند ,"
09124232997 "
برشکا 511 ,"
02188288230 "
ایران اسکارف ,"
09034737528 "
مزون مانتو سیلکا ,"
09351058301 -                                                                         09381803133 "
پاساژ وحدت ,"
09126161730 "
مزون گلها ,"
09128924259 "
مومن ,"
02133905177 "
monikaa_mod ,"
09392821145 "
پوشاک نیلوفر ,"
06152722696 -                                                                         09169716310 "
اردشیر بوتیک ,"
02126213209 "
Adidas ,"
02144326068 "
پوشاک69 ,"
09120864934 "
کربن ,"
021446084745 "
پوشاکو ,"
07136506648 "
تیامی ,"
09128914899 "
مانتو شهناز  ,"
09332620752 -                                                                         09356571657 "
بوتیک زنانه شهرزاد ,"
05142250719 "
prince.mezon ,"
09012020252 "
مولتی برند ,"
02177872407 "
N°21boutique ,"
09361553338 -                                                                         02634208363 "
السا ,"
09212249629 "
فروشگاه شیکو - sheco.ir ,"
05135099442  -                                                                          09012658607 "
ژورنال ,"
09397417151 "
آنلاین لباس ,"
09380856490  "
آنلاین لباس ,"
09380856490  "
ماکو مارکت ,"
04434252898 "
هروی ,"
09189732204 "
مجموعه فروشگاه های پارسه ,"
09169040554 "
نعمت ,"
08136462797 "
سارافان ,"
05137291119 "
max mara ,"
02146890142 -                                                                         09353007072 "
نیو حجاب ,"
09121120414 -                                                                         02126148757 "
پارمیس ,"
09103056960 "
مدلان ,"
08634225032 "
مارال چرم ,"
02188798690 "
گالری90 ,"
09365403458 "
لوسو ,"
09124034914 "
پوشاک شماره 1 ,"
02188550217 -                                                                         09121266822 -                                                                         09357679805 "
پوشاک بانوان پلاس شاپ ,"
02133785884 "
حراجی لالوند ,"
09014296582 -                                                                         02166480551 "
roniasport ,"
02144973780  "
گلکسی ,"
09151201292 "
اربط ,"
02133900728 "
Exir ,"
09127754357 "
شیک پوش ,"
09198057716 -                                                                         02136614456 "
پريمابوتيك ,"
02122659348 -                                                                         09108800009 "
artemirose ,"
09302673231 "
mezon vida ,"
09308201991 "
altinay ,"
02636541637 "
megasale.ir ,"
02633517593 -                                                                         09362168320 -                                                                         09395719149 "
کیوسک ,"
09128595491 "
تولیکا ,"
02166975097  "
لیمانزا ,"
09124899157 "
P.R ,"
09390093900 -                                                                         09031222331 "
سی گل ,"
02155358478 "
ژاکامن ,"
08733232443 -                                                                         09128784151 "
مانتو لالوند ,"
09014296582 -                                                                         09351192691 "
مانتو کسا ,"
02126401610 -                                                                         09104536431 "
پایگان ,"
09329250014 "
لباس عروس کلارا ,"
09127579325 -                                                                         09126507838 -                                                                         02126702320 -                                                                         02126702328 "
تن پوش من / mytanposh ,"
09125051828 "
roisameson ,"
02122017627 "
پرادا ,"
09362580102 "
فروشگاه اینترنتی ای تن پوش ,"
09141014556 "
مزون سما ,"
09392947844 "
گالری سلنا ,"
09157962778 "
فروشگاه کفایی  ,"
09901248864 "
چکاوک ,"
09186685716 "
گالرى ردكارپت ,"
02122289921 "
مزون کاکتوس ,"
09034314211  "
آریامن ,"
09199838388 "
شیک پوشان ,"
09032892076 "
ژما ,"
09370372418 "
hediye ,"
03145244826 "
مانتو مارون ,"
09396025538  "
مانتو وست ,"
09363003935 "
توسعه تجارت ,"
09197693340 "
