گپ ,"
09038663166 "
پرادا ,"
02188920740 -                                                                         09128191392 -                                                                         02133992116 "
مزون مستر مردانه ,"
09127879299 "
shop_online_taakpoosh ,"
09364017326 "
ENZOMOD ,"
05135214284 "
بوتیک فرزاد ,"
09394985913 "
فروشگاه فرندز ,"
05133414876 "
پوشاک آریایی ,"
02177043804 "
faanoos ,"
09396006260 "
متین ,"
02133366406 "
buticoo sport ,"
02188681190 "
Goltan Boutique - بوتیک گل تن ,"
02166502585 -                                                                         09124576329 "
فروشگاه سر تيراژه  ,"
02144494142 "
mahtamezon ,"
02188591316 -                                                                         09303194699 "
فیگارو ,"
06633336247 -                                                                         09163700815 "
Alania_mezone ,"
09351787725 "
نووک ,"
09126024448 "
goldkidss ,"
09122497701 -                                                                         02177615085 "
فروشگاه اینترنتی مای رگال ,"
02125917990 "
دریم بوتیک ,"
09012066754 "
پخش Rozeko ,"
09195592554 -                                                                         09339800242 "
تایماز بوتیک ,"
03136292180 "
پرش استور ,"
02188376043 "
vision ,"
09147361070 "
گراد ,"
02189364 "
Msp ,"
02634488699 "
festivaall ,"
09192101696 -                                                                         02133981933 "
bavariaboutique ,"
07734395081 "
گاندی ,"
09375890128 "
Yooshij ,"
02188346896 -                                                                         02188346897 "
آرش ,"
09186120071 "
پازو ,"
09128391836 "
jooker ,"
02177762346 "
 تک اسپورت ,"
09197441169 -                                                                         03443300383 "
اکسسوری پوشاک ملودی ,"
09128677088 "
Hacoupian ,"
02188827882 "
ونیز ,"
07635270960 "
پوشاك مردانه سايز بزرگ گرگان ,"
01732338138 "
ایپک ,"
04134760680 -                                                                         09214145390 "
خاص خرید ,"
09393832585 "
farhang ,"
07737632833 -                                                                         09171730887 "
یورو ساپورت بوشهر ,"
09170829417 "
dandy ,"
02122732518 -                                                                         09124195520 "
ترکیش دیاموند ,"
09124232997 "
Cezar ,"
03532220024 "
set_men پوشاک مردانه ,"
09128961626 "
پاساژ وحدت ,"
09126161730 "
زیپ تیپ ,"
0712242935 -                                                                         09174809380 "
بی سان ,"
09151053998 "
مومن ,"
02133905177 "
onlineshoppgirls ,"
09108656573 "
لباس سنتی و سوزندوزی دوچ  ,"
09106670065 "
پاپيون كراوات شال ترمه ,"
02122650710 "
کربن ,"
021446084745 "
تیامی ,"
09128914899 "
Ritzyboys ,"
09198057716 -                                                                         02136614456 "
پندار مزون ,"
09213895985 "
مولتی برند ,"
02177872407 "
a-one ,"
02122896691 -                                                                         09302722027 "
N°21boutique ,"
09361553338 -                                                                         02634208363 "
ژورنال ,"
09397417151 "
فروشگاه شیکو - sheco.ir ,"
05135099442  -                                                                          09012658607 "
مجموعه فروشگاه های پارسه ,"
09169040554 "
هروی ,"
09189732204 "
Hamed ,"
09191034768 "
 مانی ,"
02126212723 "
1V1Y ,"
02144289013 "
پوشاک تن ناز ,"
09016045119 "
emperatur ,"
05133659134##09309271038 "
مارال چرم ,"
02188798690 "
گالری90 ,"
09365403458 "
پوشاک ایران فلانل ,"
09104948115 "
Zk belt ,"
09122776971 "
پوشاک شماره 1 ,"
02188550217 -                                                                         09121266822 -                                                                         09357679805 "
مد روز ,"
02166465124 "
برند ,"
09368222398 "
roniasport ,"
02144973780  "
mahdavi ,"
09196723234 "
ایلیا ,"
09175288958 "
گلکسی ,"
09151201292 "
اربط ,"
02133900728 "
مارک و مد ,"
09354221031 "
Exir ,"
09127754357 "
شیک پوش ,"
09198057716 -                                                                         02136614456 "
altinay ,"
02636541637 "
پوشاک ارنیکا ,"
02166405484 -                                                                         02166487387  "
کیوسک ,"
09128595491 "
لیمانزا ,"
09124899157 "
سایز بزرگ چِلسی ,"
09112685490 "
H&M ,"
02532900406 "
ژاکامن ,"
08733232443 -                                                                         09128784151 "
Boutique M2 ,"
02144657736 "
فروشگاه شهرداری الهیه ,"
09150599514 "
Goldenshop ,"
09383100601 "
سورن جين  ,"
02122884526 "
تن پوش من / mytanposh ,"
09125051828 "
roisameson ,"
02122017627 "
فروشگاه اینترنتی ای تن پوش ,"
09141014556 "
پرادا ,"
09362580102 "
مزون دیسپانیا ,"
09123354581 -                                                                         09196483625 -                                                                         09123143151 "
گالری سلنا ,"
09157962778 "
istanbul ,"
09355613690 "
Negar Shop ,"
09354890104 "
Tida fashion ,"
09357642742 "
ویولامد ,"
09304944488 "
چکاوک ,"
09186685716 "
Persis mode ,"
09390981399 "
faron ,"
09128391836 -                                                                         09227086955 "
Dayan Bakh ,"
02155055571 -                                                                         09124576329 "
آریامن ,"
09199838388 "
چاپ دیجیتال تیشرت S&M Clothing ,"
09122546418 "
Narsis ,"
02122466537 "
98MOD ,"
09193252305 "
bavaria_gallery ,"
07734231126 "
توسعه تجارت ,"
09197693340 "
zire20 ,"
09399992506 "
rezoo__store ,"
02126213009 -                                                                         09195555836 "
suspect ,"
09354550897 "
پوشاک ایران ,"
02133134211 "
فروشگاه اینترنتی مد و فشن فیزا ,"
09144474254 "
جین مد ,"
02133613566 -                                                                         09376003694 "
master__wood ,"
09199544442 "
tonymontana ,"
09105834814 "
yaran ,"
09116443846 "
امیر کبیر ,"
02177804847 "
کیمیا ,"
02144478148 "
BIGFISH ,"
09125003295 -                                                                         02177958327 "
shikpoushan ,"
09364550015 "
keymode ,"
02188789503 "
